order_id,user_id,eval_set,order_number,order_dow,order_hour_of_day,days_since_prior_order
1483,90,prior,31,3,13,0
4595,66,prior,3,3,21,0
7099,27,prior,63,3,10,0
8382,23,prior,2,0,10,0
13318,56,train,13,1,9,0
14400,36,prior,10,1,18,0
19190,42,prior,3,1,19,0
19256,13,prior,4,1,12,0
20042,75,prior,12,3,12,0
21708,79,train,8,0,6,0
21889,71,prior,10,2,15,0
23391,7,prior,17,0,10,0
29758,67,prior,19,0,14,0
29902,70,prior,13,2,17,0
31801,46,prior,2,1,13,0
32664,90,prior,58,3,10,5
33681,64,prior,5,5,0,0
34647,66,train,7,3,19,23
35187,68,prior,2,5,12,0
39325,55,train,8,2,18,0
44604,75,prior,11,4,11,6
46584,67,prior,17,1,19,11
48293,57,prior,4,5,7,0
51418,54,prior,29,4,23,0
53644,90,prior,62,1,10,3
62370,30,train,9,2,13,0
62373,21,prior,5,1,14,0
63916,82,prior,8,5,10,0
64791,75,prior,9,2,13,11
65724,27,prior,54,4,15,2
66340,90,prior,16,3,12,5
68288,10,prior,2,5,15,0
72626,32,prior,4,3,9,0
75972,54,prior,75,6,12,2
77399,42,prior,4,1,9,7
77449,63,prior,34,1,12,0
77791,21,prior,19,3,9,8
79015,54,prior,1,2,19,NULL
80629,82,prior,5,5,16,12
83395,10,prior,4,3,15,14
85768,78,prior,3,0,8,0
86313,37,prior,2,6,12,0
86918,19,prior,9,5,16,0
88090,87,prior,5,5,7,0
91180,89,prior,5,0,12,0
91957,78,prior,5,0,14,30
94891,4,prior,4,5,13,0
97480,63,prior,28,4,8,9
100777,54,prior,66,4,11,7
103726,50,prior,67,3,9,0
107377,63,prior,14,6,8,7
113728,15,prior,14,1,10,0
114641,99,prior,13,4,16,0
118133,24,prior,5,0,11,0
121053,7,prior,3,0,18,30
122274,75,prior,17,2,13,10
122960,87,prior,22,3,8,3
125610,90,prior,54,1,10,3
127769,39,prior,3,6,17,0
129025,27,prior,35,3,16,1
129152,21,prior,4,1,14,14
131991,50,prior,42,2,10,2
134879,32,prior,1,3,12,NULL
135696,26,prior,11,4,17,0
137318,30,prior,7,1,6,28
139487,98,test,15,6,15,0
139655,22,test,16,5,6,0
139882,58,prior,11,5,9,0
142873,54,prior,6,1,7,9
144358,22,prior,2,3,7,30
144494,61,test,5,4,10,0
145694,96,prior,13,5,12,0
146991,99,prior,8,3,15,29
147262,82,prior,18,1,13,7
148717,89,prior,3,1,18,15
150528,67,prior,18,5,16,4
153527,95,prior,3,5,13,0
157374,5,prior,4,1,18,0
157550,20,prior,2,3,16,0
159678,54,prior,43,4,8,3
161814,87,prior,13,0,16,5
164627,58,prior,5,0,7,7
165754,96,prior,11,0,1,8
173172,24,prior,18,0,16,14
180919,52,prior,19,3,8,0
181977,28,prior,17,5,13,0
182020,50,prior,56,0,13,6
182125,36,prior,36,4,12,4
194741,22,prior,12,0,8,2
196008,24,prior,17,0,20,14
207152,75,prior,6,1,13,7
218647,50,prior,13,6,14,10
221248,12,prior,5,1,9,0
225381,27,prior,44,2,14,4
225812,65,prior,8,1,12,0
226861,63,prior,13,6,14,7
227361,53,prior,3,3,15,0
230851,27,prior,61,1,13,4
232622,42,prior,7,3,13,9
232721,26,prior,12,4,17,7
240889,36,prior,3,5,17,21
244623,46,prior,11,0,12,7
251784,83,prior,2,4,14,0
252244,41,prior,1,6,16,NULL
253625,88,prior,5,6,13,0
257099,90,prior,27,2,12,6
258751,25,prior,3,5,19,0
259674,94,prior,9,0,16,0
260590,90,prior,25,5,14,3
263949,90,prior,70,2,13,4
264488,27,prior,75,1,11,10
266804,92,prior,4,2,13,0
267052,85,prior,4,1,11,0
275380,89,prior,12,5,15,4
278124,36,prior,9,0,11,4
278626,42,prior,15,0,15,30
279523,28,prior,14,2,13,18
279995,97,prior,4,0,13,0
280530,9,prior,1,1,17,NULL
280888,31,test,21,4,9,0
291527,60,prior,3,2,13,0
298250,6,prior,2,4,16,0
300892,45,prior,1,1,20,NULL
309687,50,prior,64,2,12,10
311292,54,prior,24,6,12,1
319452,99,prior,14,4,16,21
320326,57,test,15,0,7,8
322607,71,prior,16,3,17,16
326173,58,prior,8,2,10,9
326370,90,prior,53,5,12,2
327827,37,prior,1,2,10,NULL
329954,4,test,6,3,12,30
335423,98,prior,5,4,16,21
338550,80,prior,4,1,10,0
338996,27,prior,25,5,10,10
342306,52,prior,9,1,11,7
343199,17,prior,26,5,17,0
343205,95,prior,6,5,14,25
343588,82,prior,10,2,11,1
348137,17,prior,39,5,16,11
356022,86,prior,14,1,12,0
357849,50,prior,7,3,13,8
358148,28,prior,6,2,12,14
360105,74,prior,2,5,6,0
361493,27,prior,1,3,9,NULL
363366,90,prior,60,3,9,5
364423,71,prior,1,3,10,NULL
369015,7,prior,19,3,12,3
370715,29,prior,6,5,11,0
370956,87,prior,11,5,8,19
373535,50,prior,62,2,11,4
374526,45,prior,3,3,20,18
375303,30,prior,1,1,13,NULL
378070,54,prior,16,1,12,3
378457,42,prior,8,0,10,11
379097,49,prior,6,1,11,0
380972,76,prior,9,4,8,0
383458,63,prior,27,2,11,11
388415,90,prior,45,3,9,3
389760,72,prior,4,6,13,0
390867,63,prior,16,3,15,5
394109,87,prior,25,1,11,4
398975,46,prior,8,1,12,21
400661,90,prior,5,4,7,6
408636,73,prior,4,5,16,0
409708,36,prior,17,0,15,11
412111,36,prior,2,5,18,8
412136,50,prior,47,2,11,6
414538,63,prior,5,1,10,8
415389,17,prior,20,5,13,7
419099,27,prior,46,1,10,4
423262,40,prior,8,0,10,0
423623,36,prior,18,4,17,18
431534,1,prior,5,4,15,0
431626,77,prior,6,1,11,0
434668,71,prior,6,2,14,12
435581,57,prior,7,2,10,12
440272,90,prior,71,3,9,1
441977,18,prior,6,6,12,0
443742,63,prior,39,0,11,13
444309,3,prior,2,3,19,0
446247,98,prior,6,0,18,30
450929,70,prior,11,3,18,30
453864,36,prior,7,6,14,15
455561,43,prior,8,1,17,0
457048,35,prior,4,0,20,0
458687,50,prior,23,6,17,5
461359,71,prior,17,1,11,12
461860,90,prior,6,5,17,1
462713,44,prior,2,1,9,0
463436,57,prior,8,4,1,9
465170,98,prior,10,3,17,30
465262,99,prior,2,4,13,14
465767,86,prior,1,0,9,NULL
473747,1,prior,3,3,12,21
474349,77,prior,3,0,15,27
479208,62,prior,10,1,12,0
479244,36,prior,16,3,21,5
482516,74,train,6,4,7,10
482971,50,prior,14,4,11,5
484397,37,prior,6,5,17,10
487368,15,prior,22,1,10,14
495013,63,prior,9,0,10,26
496907,54,prior,68,1,11,4
497940,21,prior,26,1,11,10
499460,82,prior,3,5,10,5
500437,49,prior,7,2,15,30
501067,48,prior,4,5,12,0
505360,50,prior,19,3,11,2
519471,13,prior,9,6,17,7
519514,49,train,9,4,12,2
521107,3,prior,11,0,18,11
521231,42,prior,9,3,19,24
524816,39,prior,4,6,10,7
524838,90,prior,32,5,12,2
525192,7,train,21,2,11,6
531345,96,train,17,1,11,30
532817,19,prior,7,4,17,6
534401,21,prior,12,1,9,21
536094,50,prior,24,3,10,4
536472,90,prior,61,5,12,2
539112,69,prior,3,2,18,0
546407,87,prior,20,6,9,5
550135,1,prior,7,1,9,20
551869,67,prior,14,1,9,7
555834,48,prior,10,5,22,14
561303,63,prior,18,5,12,4
565870,7,prior,11,0,15,6
568636,27,prior,78,5,15,4
570913,99,prior,10,0,16,12
580568,52,prior,5,2,10,8
581503,86,prior,2,0,16,30
584586,59,prior,1,5,15,NULL
586227,63,prior,33,3,12,9
596585,67,prior,3,1,13,7
596690,54,prior,77,1,11,1
600894,8,prior,1,6,0,NULL
601444,17,prior,17,5,21,4
603376,17,prior,22,6,16,4
603534,17,prior,14,6,17,5
606677,43,prior,1,1,18,NULL
609104,78,prior,1,1,19,NULL
611214,24,prior,1,3,20,NULL
612679,27,prior,23,2,13,6
613340,86,train,18,6,12,6
620971,29,prior,13,5,8,8
622677,94,test,10,6,14,30
623555,50,prior,32,2,12,7
624228,95,prior,2,3,11,9
624246,89,prior,17,6,10,13
625018,27,prior,77,1,8,7
629726,64,prior,6,3,20,19
631226,54,prior,8,5,16,13
634494,22,prior,8,5,9,13
634665,43,prior,4,3,18,6
636918,50,prior,57,5,12,5
637147,99,prior,11,5,10,26
637547,91,train,16,1,10,0
638062,31,prior,3,4,12,6
638726,54,prior,14,0,11,7
640014,54,prior,22,6,10,2
642111,50,prior,54,6,10,3
643818,74,prior,1,5,8,NULL
654294,27,prior,29,3,14,0
656728,43,prior,3,4,11,7
664952,36,prior,19,0,8,3
669187,36,prior,26,3,18,6
669729,70,train,14,5,12,30
673583,31,prior,12,4,12,10
674977,17,prior,36,3,12,30
676467,3,prior,10,3,16,17
680467,100,prior,1,3,18,NULL
681011,98,prior,9,3,9,30
682472,36,prior,13,6,15,20
682914,27,prior,52,3,15,15
685887,29,prior,9,6,13,9
690372,75,prior,8,5,15,5
691089,4,prior,3,4,15,21
692224,58,prior,2,0,10,3
692225,65,prior,11,4,9,30
692802,54,prior,56,4,9,1
693452,90,prior,64,3,11,5
695934,31,prior,2,5,11,0
697863,17,prior,29,6,14,5
698604,34,train,6,4,13,0
703584,71,prior,20,6,14,9
707453,35,test,10,4,15,21
711999,37,prior,8,3,19,23
712331,37,prior,12,6,22,30
714002,58,prior,3,6,15,13
714991,15,prior,4,1,11,16
718156,38,prior,6,6,9,0
721266,84,prior,1,4,9,NULL
725451,38,prior,11,0,0,9
726121,90,prior,63,5,11,4
733734,90,prior,11,5,14,2
737247,77,prior,12,0,15,6
737301,70,prior,5,0,13,30
738281,2,prior,4,2,10,0
746041,36,prior,12,0,16,9
747431,98,prior,12,6,13,30
749250,48,prior,7,6,11,29
752188,90,prior,21,5,16,3
758679,56,prior,8,0,16,5
760273,28,prior,20,1,13,10
760382,82,prior,17,1,12,14
762760,82,prior,2,0,11,18
768572,67,prior,16,4,10,9
771049,27,prior,62,2,10,1
771208,90,prior,48,5,13,2
771250,50,prior,12,3,18,4
774475,21,prior,16,1,11,7
776265,7,prior,8,2,12,8
784032,96,prior,16,3,9,9
784714,45,prior,2,6,19,12
788338,2,prior,8,1,15,27
790927,11,prior,6,5,11,0
791858,17,prior,34,5,12,16
793311,36,prior,34,6,11,10
795223,38,prior,8,6,18,28
795269,48,prior,8,6,11,14
797450,72,prior,11,4,16,6
799775,90,prior,9,5,15,2
802141,64,prior,1,2,14,NULL
804483,27,prior,65,4,10,3
805025,17,prior,11,4,15,4
807593,56,prior,2,1,8,7
813240,31,prior,19,0,17,4
816714,24,prior,6,6,8,13
817409,61,prior,1,2,11,NULL
821110,46,prior,7,1,12,28
828701,99,prior,4,2,13,23
829855,91,prior,4,2,8,13
838910,87,prior,1,6,17,NULL
839442,57,prior,11,2,7,3
839880,2,prior,14,3,10,13
840547,92,prior,5,2,8,21
841710,37,prior,20,3,16,9
843529,78,prior,2,6,10,5
856880,90,prior,26,3,12,5
859009,39,prior,5,6,19,7
859654,82,train,20,1,10,13
862838,54,prior,11,4,12,2
863243,63,prior,12,6,13,6
863974,67,prior,22,1,11,14
864720,65,prior,14,2,9,30
865148,90,prior,51,5,10,2
865324,21,prior,32,1,13,12
865967,54,prior,72,1,13,4
867561,50,prior,34,0,22,2
875452,29,prior,2,2,8,11
875885,16,prior,2,1,13,0
876095,15,prior,6,5,11,8
880375,8,train,4,1,14,10
881725,54,prior,12,5,9,8
882556,39,test,8,6,13,7
886786,87,prior,14,1,17,8
886814,50,prior,25,2,11,6
887727,15,prior,9,2,13,7
894015,38,prior,7,6,10,28
899785,54,prior,59,4,8,5
900554,17,prior,10,0,15,4
900590,27,prior,19,3,9,9
903277,36,prior,31,6,12,10
905479,54,prior,20,3,10,4
910390,54,prior,62,2,10,6
912404,17,prior,12,2,14,5
913794,58,prior,1,4,14,NULL
917141,73,prior,6,0,13,25
920597,71,prior,9,5,14,30
920968,27,prior,36,5,14,2
927478,96,prior,3,4,16,6
932035,66,prior,6,1,11,30
933179,27,prior,51,2,9,5
935755,50,prior,11,6,9,4
939629,54,prior,13,0,11,2
939800,70,prior,6,4,16,11
940313,42,prior,1,2,10,NULL
944694,52,prior,12,1,16,6
947722,20,prior,1,1,10,NULL
949025,57,prior,12,6,11,4
954107,91,prior,9,2,14,7
963053,31,prior,18,3,11,0
964058,62,prior,2,4,10,10
965160,24,train,19,0,16,0
965677,27,prior,3,3,8,1
970922,67,prior,2,1,15,5
971516,39,prior,2,0,15,7
973757,63,prior,10,2,14,2
976101,56,prior,7,2,11,8
979759,28,prior,18,0,17,9
983132,93,prior,5,5,9,0
986094,30,prior,5,2,11,30
989260,60,prior,6,2,14,25
994572,27,prior,73,5,14,4
998554,89,prior,14,1,14,7
998866,6,prior,3,2,18,12
1000935,54,prior,65,4,11,10
1002033,96,prior,10,6,13,9
1007361,27,prior,5,2,15,4
1007570,86,prior,10,6,16,26
1009350,78,prior,6,6,10,30
1010419,90,prior,15,5,15,3
1010713,86,prior,9,1,21,15
1014379,7,prior,7,1,15,7
1014994,22,prior,9,5,15,28
1016285,72,prior,10,5,16,15
1019719,62,train,11,2,12,29
1020460,18,prior,5,2,16,9
1023454,63,prior,32,1,13,6
1023723,63,prior,19,3,16,5
1025119,27,prior,56,3,11,1
1030102,52,prior,24,2,9,8
1032510,36,prior,35,0,16,15
1035233,48,prior,1,6,16,NULL
1035645,96,prior,5,3,11,9
1043148,90,prior,50,3,9,2
1047678,75,prior,10,5,12,3
1048460,86,prior,11,3,12,25
1049206,29,prior,7,1,12,10
1053617,90,prior,4,5,13,2
1057378,12,prior,4,3,9,26
1060278,27,prior,20,1,16,12
1062536,29,prior,12,4,8,13
1063629,96,prior,9,4,16,7
1066317,91,prior,5,4,20,9
1067581,27,prior,49,3,14,0
1070540,72,prior,2,1,14,30
1071381,59,prior,6,2,10,20
1072501,71,prior,19,4,9,14
1072926,23,prior,4,3,11,30
1072954,65,train,15,6,17,30
1076291,50,prior,46,3,7,2
1077695,50,prior,21,1,13,14
1082944,21,prior,14,1,9,10
1084179,68,prior,5,1,11,30
1089019,66,prior,1,2,17,NULL
1089058,58,prior,7,0,9,3
1094601,77,prior,8,6,18,7
1094988,9,train,4,6,10,30
1097156,90,prior,18,2,13,4
1099519,60,test,9,4,22,30
1099991,51,prior,1,3,14,NULL
1102893,54,prior,51,2,23,2
1103927,24,prior,14,6,8,4
1107137,54,prior,69,5,15,4
1110781,21,prior,29,2,9,8
1111867,27,prior,30,4,16,1
1120389,31,prior,8,0,11,5
1122034,85,prior,6,1,14,9
1122089,52,prior,17,2,10,6
1128333,63,prior,31,2,17,4
1132197,40,prior,5,6,9,20
1136841,35,prior,3,6,9,30
1137431,90,prior,69,5,11,4
1138968,28,prior,1,0,14,NULL
1141480,80,prior,6,0,13,8
1144929,93,prior,2,2,9,30
1145465,40,prior,9,0,9,14
1145920,37,prior,9,6,14,17
1145961,36,prior,11,5,19,4
1149132,27,prior,21,2,11,8
1149184,27,prior,53,2,9,6
1154181,93,prior,4,6,9,1
1154612,91,prior,11,4,11,30
1154777,74,prior,3,1,8,10
1158241,50,prior,41,0,16,4
1158830,94,prior,6,6,19,6
1162211,54,prior,52,4,11,2
1166994,21,prior,3,1,13,7
1170872,11,prior,2,5,11,12
1175028,7,prior,13,5,15,5
1176583,99,prior,12,3,15,12
1177903,50,prior,38,1,7,4
1177946,95,prior,1,1,12,NULL
1179185,93,train,15,1,10,5
1179244,37,prior,17,4,14,6
1182191,50,prior,27,5,7,11
1182951,54,prior,15,5,12,12
1183257,31,prior,6,0,16,7
1185674,36,prior,21,0,9,3
1187899,1,train,11,4,8,14
1189699,36,prior,24,2,7,5
1192143,28,test,25,1,16,8
1192814,87,prior,16,0,15,8
1194452,27,prior,31,2,14,5
1199615,99,prior,16,5,18,7
1199898,2,prior,6,2,9,13
1200303,90,prior,46,5,12,2
1201330,27,prior,59,3,9,5
1205618,60,prior,2,5,14,26
1207762,29,prior,5,1,11,9
1210985,32,prior,5,1,23,30
1216869,49,prior,1,2,9,NULL
1219654,22,prior,3,0,21,4
1221340,56,prior,9,1,8,8
1223316,63,prior,38,1,14,9
1224907,10,prior,1,2,14,NULL
1225000,27,prior,72,1,13,7
1225619,63,prior,11,0,7,5
1227088,95,train,9,5,12,21
1229178,50,prior,51,5,10,11
1237400,50,prior,43,6,9,4
1244041,38,prior,5,0,14,22
1247527,12,prior,2,5,9,30
1250641,49,prior,8,2,11,28
1250733,27,prior,70,3,15,1
1254066,46,prior,16,0,15,21
1261384,52,prior,3,1,10,7
1261865,50,prior,15,2,10,5
1262038,99,prior,6,3,13,23
1268191,52,prior,15,2,11,8
1269089,35,prior,1,5,21,NULL
1271686,56,prior,6,1,18,8
1272493,28,prior,13,5,17,11
1273676,16,prior,1,2,8,NULL
1275664,62,prior,7,1,14,18
1275838,32,prior,2,3,12,30
1276879,87,prior,19,1,8,7
1286484,93,prior,13,4,12,5
1286556,89,prior,8,0,13,6
1289863,99,train,19,2,11,22
1291785,50,prior,26,1,13,6
1294288,37,prior,22,6,15,30
1303645,47,prior,2,6,15,0
1307894,52,prior,22,1,9,10
1308004,38,prior,2,4,11,30
1310932,81,prior,2,1,12,0
1311494,27,prior,27,1,15,17
1316279,35,prior,8,4,17,30
1318796,90,train,72,5,9,2
1318871,52,prior,2,1,10,7
1320132,36,test,38,0,8,3
1321441,54,prior,21,4,0,1
1321974,19,prior,1,6,13,NULL
1322450,21,prior,24,5,8,3
1325316,54,test,78,2,23,1
1327957,56,prior,10,2,10,8
1331103,80,prior,1,2,6,NULL
1335295,14,prior,11,1,5,0
1338309,75,prior,20,6,11,14
1339168,54,prior,32,6,11,2
1341128,31,prior,7,2,13,2
1342998,83,prior,6,1,12,20
1345233,85,test,8,0,16,3
1350399,90,prior,35,4,9,7
1353310,10,prior,5,5,20,23
1354506,37,prior,3,0,1,8
1354911,75,prior,13,1,13,5
1356845,12,test,6,1,20,30
1358880,82,prior,9,1,10,30
1359969,44,prior,1,0,7,NULL
1363380,50,prior,1,3,9,NULL
1366559,14,prior,3,0,14,2
1368577,24,prior,15,0,10,15
1368931,50,prior,45,1,12,6
1374495,3,prior,1,1,14,NULL
1374792,27,prior,42,5,14,0
1376443,62,prior,5,4,20,4
1376661,54,prior,17,6,13,12
1376945,11,test,8,6,11,8
1378982,13,prior,5,0,13,6
1380270,27,prior,48,3,10,1
1380784,27,prior,12,1,11,3
1381572,57,prior,1,6,10,NULL
1382694,71,prior,11,5,13,3
1385031,59,prior,2,1,10,24
1385397,17,prior,38,1,15,30
1385564,14,prior,4,6,8,20
1385847,17,prior,27,4,10,6
1385910,28,prior,21,2,17,1
1386615,74,prior,4,3,7,23
1389057,17,prior,13,1,13,6
1390523,79,prior,5,0,2,21
1394419,37,prior,14,5,14,20
1396119,7,prior,10,1,20,9
1402090,2,prior,11,1,10,30
1402502,3,prior,12,1,15,15
1404810,54,prior,71,4,10,3
1406544,46,prior,6,1,15,28
1406911,27,prior,14,3,9,8
1411408,25,test,4,0,15,30
1411620,96,prior,14,2,15,30
1413723,21,prior,20,1,10,12
1415679,24,prior,7,0,8,15
1416320,16,test,7,0,13,7
1422896,65,prior,3,0,10,14
1431584,21,prior,22,3,9,9
1431607,50,prior,10,2,10,5
1432100,28,prior,5,2,15,27
1433019,54,prior,61,3,12,4
1435093,57,prior,2,4,11,5
1437649,71,prior,14,0,15,16
1439105,90,prior,49,1,12,3
1444198,91,prior,1,3,14,NULL
1447487,2,prior,10,1,11,6
1454750,91,prior,3,3,20,4
1456703,54,prior,73,2,23,1
1456739,96,prior,6,1,15,12
1456958,57,prior,3,3,17,6
1460681,27,prior,8,3,15,1
1460684,36,prior,27,5,21,16
1462074,94,prior,4,5,18,9
1463865,73,prior,2,3,20,30
1468214,11,prior,7,5,9,30
1469604,83,prior,4,4,18,20
1469897,40,prior,3,6,11,12
1472646,13,prior,11,0,14,8
1474394,76,prior,8,2,9,19
1481969,28,prior,16,4,12,1
1483446,12,prior,1,1,12,NULL
1488077,26,prior,3,5,10,7
1491175,76,prior,4,1,7,13
1491849,16,prior,3,1,20,21
1492625,2,train,15,1,11,30
1493222,82,prior,12,4,19,6
1493525,39,prior,6,0,12,15
1498922,52,prior,18,2,10,14
1501349,82,prior,13,0,10,10
1501582,2,prior,2,5,10,10
1505422,84,prior,3,5,13,18
1505429,51,prior,2,2,14,13
1506191,80,prior,9,2,8,6
1506478,88,prior,2,4,15,10
1507154,56,prior,5,0,9,6
1511050,24,prior,3,3,21,30
1514655,54,prior,5,6,16,5
1515062,83,prior,5,2,17,12
1515698,67,prior,11,1,11,7
1519861,75,prior,1,5,13,NULL
1520353,52,prior,10,2,10,8
1522904,76,prior,2,5,11,30
1523605,27,prior,17,2,9,7
1524161,37,train,24,0,13,16
1526098,49,prior,4,3,16,30
1528013,6,test,4,3,16,22
1530871,43,prior,2,4,19,24
1533023,90,prior,38,5,16,1
1536780,90,prior,57,5,11,2
1537903,33,prior,3,1,19,0
1538381,46,prior,10,0,12,6
1538989,63,prior,6,6,14,12
1545777,57,prior,9,3,22,6
1546110,54,prior,2,0,22,5
1551092,71,prior,23,2,10,18
1551977,52,prior,8,1,10,6
1557694,49,prior,5,1,12,19
1558976,67,prior,21,1,9,5
1559403,27,prior,57,4,13,1
1560102,42,prior,6,1,19,13
1560223,27,prior,68,2,8,4
1567570,72,prior,8,0,14,15
1568481,67,prior,6,3,12,7
1569834,34,prior,2,4,7,28
1569984,90,prior,10,3,9,5
1573122,27,prior,81,1,13,6
1573906,21,prior,10,3,10,6
1574973,77,prior,4,2,9,16
1578024,75,prior,22,2,13,9
1578027,58,prior,4,0,17,1
1580628,63,prior,26,5,17,5
1583644,65,prior,1,0,9,NULL
1584053,28,prior,9,1,15,30
1588002,38,prior,3,0,11,17
1588305,52,prior,27,1,8,10
1589342,28,prior,2,5,13,19
1589698,90,prior,40,4,16,2
1593000,31,prior,10,3,8,7
1596917,89,prior,7,1,17,25
1597833,60,prior,8,1,11,30
1598289,54,prior,54,6,11,8
1602446,36,prior,4,1,11,10
1602489,42,prior,13,4,12,9
1603399,27,prior,38,2,16,1
1604099,75,prior,4,4,16,15
1611810,11,prior,4,5,13,30
1615255,27,prior,58,5,8,1
1619617,86,prior,5,1,15,14
1623693,57,prior,6,4,21,13
1623811,97,prior,2,1,12,30
1625325,14,prior,10,4,21,30
1625716,59,prior,10,4,8,11
1625976,65,prior,5,5,14,4
1626957,36,prior,6,5,15,15
1630444,43,prior,7,0,12,10
1630627,54,prior,33,1,1,2
1631228,80,prior,8,3,15,12
1639907,28,prior,10,0,17,6
1640680,24,prior,9,1,8,30
1641287,27,prior,28,3,10,2
1643524,48,prior,5,6,10,29
1645927,30,prior,4,2,13,22
1647290,52,train,28,4,16,3
1647841,29,prior,18,5,11,14
1651215,59,train,11,0,12,10
1657089,75,prior,23,4,14,9
1657641,48,prior,6,5,9,27
1659155,27,prior,13,2,17,1
1662354,27,prior,2,2,17,6
1666812,27,prior,33,4,15,6
1673511,2,prior,5,3,11,8
1673791,50,prior,8,6,14,3
1674891,21,prior,18,2,11,21
1677021,55,prior,6,2,13,28
1680554,52,prior,6,1,13,6
1681401,17,prior,2,5,10,3
1682003,7,prior,6,1,18,10
1682591,90,prior,29,4,12,2
1683378,17,prior,24,1,10,5
1683909,54,prior,55,3,11,18
1684010,93,prior,7,6,13,1
1691300,38,prior,4,6,12,20
1691859,14,prior,5,5,8,30
1695742,7,prior,4,2,10,9
1700658,78,train,7,6,11,7
1709286,32,prior,3,2,10,20
1713067,61,prior,4,1,9,30
1716848,21,prior,7,5,9,28
1718559,2,prior,9,2,9,8
1719551,17,prior,16,1,12,6
1719560,36,prior,29,3,21,3
1723781,67,prior,7,2,13,6
1726905,84,prior,6,0,12,18
1727614,37,prior,23,5,16,6
1734166,81,train,8,5,18,8
1735495,21,prior,27,3,8,9
1735923,19,test,10,6,17,8
1736749,37,prior,10,3,18,11
1737705,17,prior,1,2,13,NULL
1738766,86,prior,6,6,19,12
1740853,37,prior,13,6,19,14
1743175,90,prior,2,1,9,3
1743688,54,prior,70,1,15,3
1748639,29,prior,17,5,13,11
1750084,50,train,68,3,9,7
1751600,37,prior,15,0,16,30
1757094,13,prior,8,6,18,13
1763414,63,prior,3,4,14,11
1764004,63,prior,22,3,14,5
1765409,31,prior,20,0,17,0
1766930,22,prior,13,5,10,5
1771198,27,prior,7,2,14,5
1775331,57,prior,13,3,10,11
1776467,21,prior,25,5,8,7
1782508,28,prior,4,3,16,17
1783260,60,prior,4,2,11,28
1789302,13,prior,12,6,13,6
1791727,89,prior,2,0,17,10
1792521,23,prior,1,5,14,NULL
1794276,59,prior,9,0,21,30
1794598,54,prior,50,0,22,1
1798774,26,prior,4,4,20,6
1803772,87,prior,18,1,19,8
1806047,21,prior,21,1,9,7
1812321,62,prior,8,4,13,30
1812985,81,prior,5,2,20,30
1816203,90,prior,19,5,9,3
1816335,42,prior,2,1,15,6
1816750,63,prior,35,1,12,14
1818037,28,prior,22,2,15,7
1819575,28,prior,12,1,19,1
1822501,10,train,6,0,19,30
1827621,13,train,13,0,21,8
1830137,9,prior,3,5,12,30
1830818,68,prior,3,4,19,30
1830981,35,prior,6,6,10,1
1832360,27,prior,67,5,10,4
1835285,91,prior,8,2,14,5
1836190,56,prior,12,2,9,8
1836789,94,prior,1,6,16,NULL
1837192,27,prior,80,2,8,6
1838593,52,prior,14,1,13,7
1839752,3,prior,7,0,15,7
1839867,61,prior,2,5,10,30
1840067,54,prior,40,3,20,4
1841185,71,prior,3,5,12,9
1849805,27,prior,43,5,15,0
1854627,82,prior,14,4,10,11
1854765,21,train,34,1,12,28
1854906,37,prior,16,5,17,5
1855447,87,train,28,3,17,8
1856103,52,prior,23,1,13,7
1856643,50,prior,17,2,15,8
1860960,18,prior,3,1,19,8
1864038,91,prior,14,6,12,5
1864787,43,train,12,5,11,26
1866941,90,prior,1,5,14,NULL
1867561,58,prior,9,3,10,15
1869748,24,prior,2,6,16,3
1870022,15,prior,17,2,16,8
1874428,89,prior,18,1,10,9
1876837,46,prior,13,0,13,14
1881440,87,prior,2,0,12,30
1882917,79,prior,7,0,15,30
1889835,82,prior,1,3,15,NULL
1893574,54,prior,41,6,9,3
1895573,88,prior,1,1,15,NULL
1899315,47,prior,5,2,22,14
1901567,2,prior,3,1,10,3
1902195,54,prior,48,4,9,4
1902489,23,prior,3,5,12,5
1902833,45,prior,4,2,8,30
1905727,50,prior,6,2,10,5
1906169,13,prior,7,0,8,7
1908303,73,prior,5,3,16,26
1909121,5,prior,2,0,16,11
1909697,56,prior,4,1,11,4
1911383,15,prior,18,2,11,7
1913204,79,prior,1,0,12,NULL
1915162,50,prior,61,5,11,3
1916106,12,prior,3,5,8,14
1916863,34,prior,3,4,14,21
1928050,67,prior,12,2,12,8
1928150,90,prior,68,1,13,4
1928924,81,prior,7,4,18,30
1931044,67,prior,24,2,12,1
1934930,76,prior,3,2,11,25
1935233,97,prior,1,4,15,NULL
1937891,90,prior,7,2,15,4
1939933,50,prior,48,0,10,5
1941570,77,prior,10,0,9,7
1941871,50,prior,9,4,11,5
1945511,46,prior,14,0,14,14
1947848,46,train,20,4,20,11
1949274,67,prior,13,1,10,6
1951139,34,prior,4,0,11,10
1953572,21,prior,17,2,15,1
1962113,87,prior,27,2,7,7
1962560,71,prior,2,3,16,7
1963716,87,prior,8,1,15,5
1963964,88,prior,3,6,16,30
1964503,71,prior,12,0,13,30
1967453,54,prior,58,6,21,7
1970262,75,test,24,3,11,6
1972009,75,prior,19,6,12,7
1972919,3,prior,6,0,16,7
1973799,19,prior,5,6,12,8
1976929,58,prior,15,4,21,6
1978052,28,prior,24,0,15,13
1979417,99,prior,7,2,12,13
1980631,20,test,5,1,11,30
1993729,98,prior,14,5,8,8
1996394,21,prior,28,1,9,5
1997812,96,prior,4,1,10,11
1999119,65,prior,7,0,15,1
2000615,16,prior,6,0,14,26
2001654,80,prior,12,1,9,6
2003456,75,prior,5,1,14,4
2004727,54,prior,76,0,10,8
2005447,27,prior,37,1,10,3
2006658,55,prior,2,2,17,9
2008078,54,prior,7,6,13,5
2009771,46,prior,19,0,16,21
2010389,36,prior,8,3,17,4
2012622,71,prior,5,4,21,18
2013249,86,prior,16,2,18,30
2018336,50,prior,50,1,11,3
2018396,54,prior,49,6,14,2
2018734,26,prior,5,5,9,8
2019391,42,prior,10,5,1,9
2023100,58,prior,13,0,12,7
2023333,69,prior,4,3,22,8
2027712,81,prior,4,3,19,30
2028484,65,prior,13,4,15,14
2030307,4,prior,2,4,11,19
2032076,41,train,6,0,20,30
2034759,89,prior,11,1,15,8
2037087,67,prior,4,2,9,8
2037211,3,prior,4,2,18,20
2042430,87,prior,26,2,17,22
2045336,14,prior,12,5,9,4
2045952,54,prior,26,0,11,1
2047997,57,prior,5,5,15,7
2048527,67,prior,8,2,11,7
2049647,50,prior,35,4,11,4
2050302,72,prior,6,6,14,15
2057180,64,prior,3,1,22,2
2057208,21,prior,31,3,15,9
2058687,54,prior,46,2,15,5
2059881,92,prior,1,6,12,NULL
2062476,88,prior,7,1,0,23
2063028,26,prior,9,3,9,14
2064090,29,prior,1,5,11,NULL
2070736,28,prior,19,5,16,12
2071859,75,prior,2,1,14,17
2075249,71,prior,21,3,15,18
2080943,55,prior,1,0,14,NULL
2083588,42,prior,12,2,13,20
2086598,6,prior,1,5,18,NULL
2097221,21,prior,30,1,11,6
2097636,26,prior,7,1,13,30
2100631,52,prior,4,1,11,7
2101063,90,prior,20,2,10,4
2101107,54,prior,64,1,13,4
2102068,76,prior,5,1,11,0
2102570,50,prior,16,1,8,13
2102674,21,prior,11,1,15,12
2102793,91,prior,6,1,15,4
2104282,63,prior,20,3,14,7
2107003,50,prior,66,4,11,3
2109666,14,prior,9,5,9,30
2111787,41,prior,2,2,20,24
2115522,10,prior,3,3,19,12
2122341,80,prior,2,2,16,21
2123286,75,prior,7,0,14,6
2126069,98,prior,3,0,9,25
2126098,24,prior,12,5,16,22
2127348,52,prior,26,5,13,18
2127409,14,prior,6,1,8,30
2128144,84,prior,8,0,10,30
2128599,58,test,16,4,12,7
2132947,60,prior,7,5,18,30
2133732,65,prior,6,6,15,15
2135842,31,prior,4,3,13,6
2138456,36,prior,25,4,10,9
2138705,27,prior,74,5,14,7
2139271,56,prior,11,1,8,13
2139400,81,prior,6,3,7,29
2143319,66,prior,2,5,12,30
2143390,54,prior,30,3,11,6
2143792,58,prior,10,3,11,7
2144995,58,prior,14,5,12,30
2148135,17,prior,30,6,15,0
2149569,89,prior,6,4,16,18
2149689,59,prior,3,0,10,6
2150649,31,prior,1,5,11,NULL
2151817,51,prior,3,5,14,17
2153671,37,prior,4,1,14,8
2156000,30,prior,2,1,10,7
2158097,63,prior,25,0,5,8
2161313,15,test,23,1,9,7
2161718,94,prior,5,0,17,30
2163945,62,prior,3,6,11,30
2168274,2,prior,1,2,11,NULL
2174416,51,test,4,0,14,16
2178718,80,train,13,2,8,8
2180313,17,train,41,3,10,30
2186390,72,prior,5,5,13,13
2187180,43,prior,9,4,12,3
2190355,63,prior,36,1,12,14
2195945,28,prior,23,1,14,6
2196695,41,prior,4,1,12,22
2196797,5,train,5,0,11,6
2197066,50,prior,3,1,13,9
2199859,50,prior,18,1,10,6
2201188,47,prior,4,2,10,12
2204386,42,prior,14,5,16,22
2205298,63,prior,1,3,20,NULL
2205320,54,prior,10,2,9,5
2206148,55,prior,7,1,13,13
2208892,19,prior,3,0,14,16
2210120,98,prior,7,5,14,5
2215173,40,prior,7,0,8,21
2216860,99,prior,5,1,11,13
2222431,89,train,21,6,18,6
2222448,82,prior,16,1,8,13
2230383,36,prior,33,3,19,3
2231262,31,prior,17,3,11,8
2232529,82,prior,7,1,11,11
2233579,67,prior,15,2,15,15
2236363,50,prior,59,1,11,5
2239092,53,prior,2,1,17,17
2239642,77,prior,7,6,14,5
2242366,96,prior,1,4,12,NULL
2244394,27,prior,55,2,16,5
2246974,79,prior,4,0,16,13
2253039,68,prior,4,3,13,30
2254736,1,prior,4,4,7,29
2258440,31,prior,15,1,8,6
2260493,70,prior,1,6,18,NULL
2267326,5,prior,3,3,18,10
2276967,84,train,9,0,13,14
2282647,99,prior,17,0,19,23
2284750,26,prior,2,5,11,10
2286453,73,prior,1,2,17,NULL
2286777,63,prior,15,5,12,6
2288946,13,prior,3,6,21,6
2293453,19,prior,2,5,14,6
2295261,1,prior,9,1,16,0
2298068,13,prior,10,6,22,7
2299885,30,prior,6,1,19,27
2299972,85,prior,2,6,16,30
2300537,22,prior,1,3,7,NULL
2302602,64,prior,7,5,20,9
2305567,27,prior,26,5,14,7
2308399,67,prior,23,1,14,14
2309440,40,prior,2,1,10,8
2315446,42,prior,11,3,18,19
2316178,14,train,14,2,19,11
2317062,91,prior,15,4,10,5
2317676,90,prior,13,5,15,3
2319586,93,prior,1,3,8,NULL
2322830,75,prior,16,6,12,6
2325503,27,prior,66,1,12,4
2326295,37,prior,19,1,16,10
2326743,99,prior,18,1,8,8
2326857,54,prior,19,6,11,12
2327987,22,prior,6,1,19,17
2331002,52,prior,16,3,11,8
2331962,96,prior,12,0,11,14
2332087,15,prior,13,1,10,14
2333802,68,prior,1,5,10,NULL
2333885,50,prior,28,2,10,4
2337051,100,prior,4,3,20,30
2340803,54,prior,63,4,8,2
2344038,34,prior,5,0,15,21
2345592,15,prior,19,5,11,3
2352518,63,prior,30,5,12,4
2360283,66,prior,4,6,12,30
2363981,13,prior,6,0,18,7
2373040,70,prior,8,6,12,9
2373492,17,prior,9,3,13,3
2376709,29,prior,16,1,11,12
2377648,88,prior,6,6,13,0
2378562,67,prior,10,1,10,6
2380355,89,prior,9,0,13,7
2380545,57,prior,10,6,6,10
2383054,98,prior,13,4,11,30
2383661,34,prior,1,4,15,NULL
2383703,99,prior,9,2,20,30
2385684,87,prior,15,6,16,5
2389031,67,prior,9,2,14,7
2389272,98,prior,8,3,13,5
2389339,71,prior,18,4,14,10
2391532,75,prior,14,1,12,7
2392592,27,prior,41,5,10,1
2395967,59,prior,5,3,9,15
2398795,1,prior,2,3,7,15
2401332,66,prior,5,0,10,30
2402008,7,prior,2,1,19,30
2406693,49,prior,2,6,19,30
2408754,86,prior,15,0,10,27
2411567,11,prior,1,0,11,NULL
2412507,92,test,6,5,9,30
2412774,43,prior,5,0,17,11
2413026,54,prior,34,0,9,13
2424438,83,train,7,2,16,30
2425696,50,prior,37,4,15,3
2425840,7,prior,16,0,13,11
2428073,52,prior,7,2,7,8
2428804,89,prior,13,1,12,10
2430354,17,prior,8,0,15,6
2430990,85,prior,7,4,17,10
2431024,40,test,10,0,8,7
2432395,93,prior,10,0,12,8
2432711,77,prior,11,1,11,22
2433377,75,prior,18,6,13,11
2434894,80,prior,10,1,15,6
2436259,44,train,4,0,12,30
2443738,100,prior,3,5,17,30
2443843,50,prior,33,5,7,10
2446697,70,prior,12,6,20,30
2449761,37,prior,5,2,14,8
2451656,72,prior,1,5,15,NULL
2452257,7,prior,20,3,9,7
2455079,22,prior,7,6,17,5
2461523,18,train,7,6,9,7
2462716,87,prior,17,0,20,7
2463192,90,prior,59,5,9,2
2472897,36,prior,5,4,15,3
2474111,67,prior,5,3,14,8
2474845,19,prior,6,5,13,20
2479273,38,prior,12,1,13,30
2482337,93,prior,3,5,15,30
2482940,87,prior,24,4,7,3
2483641,87,prior,23,1,8,5
2483716,19,prior,8,4,4,7
2483845,73,prior,3,3,19,14
2484696,37,prior,11,4,11,8
2497897,52,prior,1,1,9,NULL
2499247,73,prior,7,1,20,22
2500881,82,prior,11,5,16,10
2505309,14,prior,7,5,10,30
2507052,7,prior,9,6,7,4
2507322,64,prior,4,6,17,12
2508834,17,prior,19,5,11,6
2509231,70,prior,7,4,15,30
2510446,21,prior,13,5,11,4
2511442,56,prior,3,4,18,3
2512030,62,prior,9,4,14,14
2514324,15,prior,1,5,13,NULL
2518161,46,prior,5,1,17,30
2520276,72,prior,12,6,12,30
2523132,89,prior,1,4,8,NULL
2524081,89,prior,19,0,12,6
2525859,77,prior,9,0,17,8
2527665,36,prior,32,0,9,8
2532123,47,prior,3,4,13,5
2538672,71,prior,13,5,6,26
2539168,46,prior,4,1,11,14
2539329,1,prior,1,2,8,NULL
2542086,52,prior,11,2,9,7
2546638,27,prior,79,3,11,5
2548338,54,prior,4,1,19,4
2549405,86,prior,17,0,10,19
2550244,69,prior,5,2,14,13
2550362,1,prior,10,4,8,30
2552220,96,prior,2,5,10,8
2553089,17,prior,33,3,11,9
2557754,4,prior,5,5,13,0
2560699,13,prior,2,0,11,8
2562704,35,prior,2,3,16,26
2564002,15,prior,3,6,12,7
2565571,7,prior,1,3,9,NULL
2568280,63,prior,2,0,9,11
2568429,37,prior,7,1,19,10
2568558,85,prior,5,6,18,26
2569634,27,prior,71,1,13,5
2570028,40,prior,1,0,9,NULL
2570360,8,prior,3,5,0,30
2570697,15,prior,10,2,10,21
2576966,69,prior,1,2,16,NULL
2580647,43,prior,6,4,16,4
2582407,31,prior,11,1,7,5
2583597,90,prior,36,4,13,7
2586085,24,prior,13,2,11,11
2592421,90,prior,12,2,12,4
2592860,21,prior,9,4,10,2
2596585,46,prior,15,0,16,28
2600170,15,prior,11,2,9,14
2600443,71,prior,15,1,9,8
2601258,64,prior,2,6,10,11
2606009,71,prior,8,3,16,14
2608424,72,train,13,2,14,30
2610576,25,prior,1,1,14,NULL
2612991,33,prior,2,2,16,27
2614670,27,train,82,5,14,4
2615608,37,prior,18,5,17,15
2616505,17,prior,6,4,17,5
2617055,63,prior,37,6,9,12
2618231,13,prior,1,6,12,NULL
2621404,40,prior,4,0,12,8
2623412,31,prior,5,0,16,4
2624115,69,prior,2,2,12,14
2625565,21,prior,1,1,10,NULL
2630919,65,prior,12,4,8,7
2632124,92,prior,2,2,11,17
2635041,24,prior,16,0,9,7
2639013,64,train,11,0,13,27
2640464,36,prior,15,5,17,12
2640967,40,prior,6,0,9,15
2641583,75,prior,15,0,13,6
2644515,63,prior,8,2,19,15
2647083,31,prior,16,2,8,8
2647486,96,prior,7,6,22,19
2647850,22,prior,15,4,10,30
2648319,17,prior,7,1,13,4
2648531,54,prior,35,1,11,1
2648890,90,prior,47,3,11,5
2653743,82,prior,6,4,9,13
2654273,56,prior,1,1,17,NULL
2655002,29,prior,8,4,13,10
2655621,62,prior,6,4,14,14
2657652,29,prior,3,2,10,14
2657750,28,prior,7,1,17,6
2660566,90,prior,30,5,15,1
2660930,17,prior,15,2,16,3
2661433,46,prior,17,6,17,30
2661469,72,prior,3,2,13,8
2667939,79,prior,3,1,17,8
2668477,87,prior,9,2,7,8
2669994,77,prior,1,2,11,NULL
2670599,50,prior,58,3,10,5
2671410,36,prior,23,4,17,22
2676852,57,prior,14,6,5,10
2677797,86,prior,13,2,13,30
2680214,17,prior,3,3,10,5
2681168,77,test,13,0,15,28
2681913,46,prior,18,0,9,22
2682963,94,prior,8,6,18,0
2685110,15,prior,7,1,11,17
2693179,36,prior,30,3,21,0
2693318,93,prior,11,6,14,27
2695034,27,prior,34,2,15,5
2695156,28,prior,8,0,16,13
2695875,52,prior,21,5,10,30
2698037,21,prior,2,1,9,7
2699868,44,prior,3,0,9,30
2704482,16,prior,4,6,14,12
2705360,27,prior,16,2,16,8
2708482,70,prior,2,3,18,11
2710558,3,prior,5,0,17,12
2710884,36,prior,37,4,12,7
2715276,15,prior,21,1,9,7
2716757,27,prior,64,1,15,5
2716894,96,prior,8,4,22,5
2717275,5,prior,1,3,12,NULL
2726708,79,prior,6,1,19,30
2728456,82,prior,4,0,11,16
2729473,27,prior,22,3,8,8
2736359,99,prior,1,4,15,NULL
2740653,50,prior,65,1,13,6
2741696,20,prior,4,2,11,7
2753281,89,prior,10,0,14,7
2754717,39,prior,7,6,16,30
2754807,64,prior,9,6,15,7
2756806,50,prior,5,4,14,11
2756878,59,prior,7,2,11,14
2757217,67,train,25,0,11,5
2757345,50,prior,60,2,12,1
2758592,94,prior,3,3,15,30
2759128,81,prior,3,1,9,14
2760558,88,prior,4,1,8,16
2760669,28,prior,11,0,7,30
2760791,17,prior,32,1,22,4
2762092,9,prior,2,0,14,6
2763506,76,prior,6,3,9,30
2766710,48,prior,3,6,9,15
2769226,60,prior,1,0,20,NULL
2770903,43,prior,11,0,12,9
2773128,75,prior,3,3,13,9
2773605,17,prior,35,6,13,8
2774568,3,test,13,5,15,11
2776875,90,prior,42,5,14,2
2779744,91,prior,13,1,11,4
2780464,22,prior,11,5,12,2
2780889,18,prior,1,6,18,NULL
2782479,39,prior,1,0,12,NULL
2792524,27,prior,6,4,9,9
2792895,76,prior,7,4,8,29
2793873,63,prior,24,6,13,3
2795254,17,prior,25,0,11,6
2795573,36,prior,28,0,11,16
2803975,42,train,17,0,11,14
2808909,19,prior,4,5,12,5
2810971,28,prior,15,3,17,15
2812906,67,prior,20,3,13,3
2813332,90,prior,14,2,13,4
2817181,69,test,6,2,11,7
2819075,90,prior,8,3,15,1
2820122,72,prior,9,4,16,11
2827207,26,prior,6,2,15,11
2827745,45,test,5,5,10,3
2829245,50,prior,20,1,10,5
2830335,58,prior,12,0,13,16
2831726,17,prior,37,2,12,13
2833188,36,prior,20,4,9,25
2838026,63,prior,21,5,9,2
2838655,41,prior,3,0,13,30
2840752,11,prior,3,5,10,14
2842504,27,prior,4,5,13,2
2843095,65,prior,9,2,10,8
2844729,72,prior,7,6,11,21
2846344,98,prior,11,4,13,15
2848644,70,prior,10,4,20,14
2848715,42,prior,5,2,18,8
2852868,93,prior,6,5,9,0
2855192,95,prior,8,5,11,11
2857489,47,prior,1,5,16,NULL
2860113,89,prior,15,1,9,7
2861050,71,prior,7,3,9,8
2861721,54,prior,42,1,9,2
2865794,29,prior,11,5,9,7
2870447,50,prior,31,2,11,6
2870621,93,prior,9,6,10,20
2872285,99,prior,3,0,17,24
2873174,38,prior,1,0,10,NULL
2875733,100,prior,5,1,18,26
2875845,80,prior,3,0,16,12
2877797,24,prior,4,6,10,24
2878839,77,prior,5,0,9,5
2880466,35,prior,5,5,16,30
2883598,15,prior,12,1,8,6
2883656,73,test,8,6,18,30
2884724,87,prior,3,2,19,30
2885215,50,prior,39,6,10,5
2887267,62,prior,1,1,0,NULL
2890966,36,prior,22,3,12,3
2893315,90,prior,39,2,15,4
2894457,90,prior,67,4,13,1
2896422,77,prior,2,1,13,30
2900024,85,prior,3,6,14,7
2903057,35,prior,9,4,16,28
2906103,33,prior,1,3,14,NULL
2906263,14,prior,1,2,18,NULL
2906390,52,prior,13,1,10,7
2906490,47,train,6,4,22,16
2916715,54,prior,27,3,0,3
2917598,54,prior,25,6,12,7
2921005,97,prior,5,0,21,14
2921164,11,prior,5,5,11,30
2922708,22,prior,4,3,11,30
2923351,26,prior,8,3,11,30
2924697,48,train,11,5,18,14
2926108,93,prior,14,3,19,30
2928597,87,prior,21,0,12,8
2937953,90,prior,28,2,13,7
2940603,26,test,13,5,14,8
2941505,21,prior,23,2,13,6
2950172,70,prior,9,4,19,12
2951016,84,prior,2,1,8,30
2951746,31,prior,14,2,9,6
2956367,17,prior,18,6,12,8
2960216,54,prior,45,4,18,1
2965907,84,prior,7,5,13,30
2968173,15,prior,15,1,9,7
2979257,8,prior,2,1,8,30
2980672,38,prior,10,5,8,27
2981401,50,prior,36,1,11,4
2983519,54,prior,23,5,14,13
2984707,7,prior,18,0,9,7
2984916,21,prior,6,5,6,4
2986671,55,prior,5,2,15,15
2987007,87,prior,12,2,16,4
2989905,63,train,40,6,8,13
2994388,25,prior,2,1,20,30
2994589,15,prior,20,1,13,10
2994801,59,prior,8,3,11,29
2997741,90,prior,24,2,13,4
2998652,46,prior,12,0,16,14
2999232,27,prior,69,2,14,0
2999662,92,prior,3,1,15,30
2999889,29,prior,4,6,8,11
3000782,87,prior,10,0,17,5
3001081,85,prior,1,0,19,NULL
3001769,78,prior,4,2,7,9
3002854,3,prior,3,3,16,21
3003586,65,prior,4,1,13,1
3004103,90,prior,23,5,15,2
3014513,50,prior,44,2,11,3
3014995,90,prior,37,4,11,7
3024191,68,test,7,2,15,30
3025545,89,prior,20,0,14,7
3027046,98,prior,4,4,7,11
3028801,63,prior,23,3,12,7
3029625,65,prior,10,1,8,6
3029731,90,prior,55,5,15,4
3031033,98,prior,2,3,21,24
3034563,42,prior,16,0,13,14
3034663,82,prior,15,2,11,12
3035956,31,prior,13,3,11,6
3037479,27,prior,45,4,9,2
3038639,71,train,24,5,13,17
3044151,50,prior,52,1,9,3
3045366,76,prior,1,3,10,NULL
3050891,59,prior,4,2,12,2
3056373,90,prior,22,3,9,5
3057843,55,prior,3,2,7,28
3059813,89,prior,4,1,14,7
3060817,7,prior,14,1,13,17
3064712,24,prior,8,1,20,8
3065988,71,prior,22,5,16,23
3066373,54,prior,39,6,20,0
3067010,50,prior,22,1,12,7
3067391,48,prior,9,5,18,13
3067639,36,prior,14,0,12,22
3067644,14,prior,8,4,8,27
3069802,17,prior,23,3,23,4
3077044,63,prior,7,1,14,9
3080922,70,prior,4,4,16,17
3081445,88,train,8,3,18,23
3083886,41,prior,5,0,19,27
3084020,54,prior,18,1,11,9
3087916,70,prior,3,1,19,5
3088145,53,train,4,2,10,13
3088266,86,prior,12,0,15,4
3090438,80,prior,11,2,13,8
3090640,29,prior,14,1,13,17
3090814,22,prior,14,1,19,3
3092533,63,prior,4,0,11,24
3094389,43,prior,10,5,15,15
3094422,27,prior,50,4,14,1
3094908,99,prior,15,5,10,8
3097485,15,prior,16,1,9,7
3097573,58,prior,6,4,18,4
3097714,81,prior,1,2,15,NULL
3102839,46,prior,3,1,16,0
3106101,18,prior,2,0,17,1
3108588,1,prior,8,1,14,14
3110252,29,train,19,4,11,13
3112215,50,prior,29,3,11,1
3112384,71,prior,4,0,19,2
3114269,55,prior,4,1,13,13
3117228,68,prior,6,6,14,30
3119091,15,prior,8,2,17,8
3120740,7,prior,15,3,16,2
3121842,54,prior,9,4,10,20
3125222,86,prior,4,1,17,30
3126169,94,prior,7,6,16,14
3129760,64,prior,10,1,10,9
3129979,90,prior,41,3,12,6
3131103,50,prior,2,6,12,10
3131227,98,prior,1,0,14,NULL
3133044,18,prior,4,0,16,6
3135095,54,prior,28,4,16,1
3135826,15,prior,2,6,12,15
3137144,54,prior,57,6,17,2
3137551,27,prior,18,1,15,20
3140578,63,prior,17,1,11,19
3141030,17,prior,21,2,12,4
3141790,27,prior,11,5,11,1
3144004,82,prior,19,2,15,8
3146572,52,prior,20,1,13,5
3146978,27,prior,60,4,15,1
3147262,54,prior,67,4,13,0
3147283,27,prior,32,5,10,10
3147929,50,prior,49,5,8,5
3149167,27,prior,10,4,15,7
3159209,100,prior,2,0,15,18
3160844,61,prior,3,5,15,14
3160850,3,prior,9,0,16,7
3161832,54,prior,74,4,13,2
3162630,27,prior,24,2,15,0
3166874,48,prior,2,5,13,27
3167222,29,prior,10,5,11,13
3167855,54,prior,31,4,10,1
3169631,30,prior,3,1,22,7
3173750,38,train,13,0,9,30
3175017,50,prior,63,6,10,4
3176698,27,prior,39,1,14,6
3178292,84,prior,4,0,14,30
3178964,97,train,6,6,19,6
3180316,97,prior,3,6,10,30
3184864,54,prior,36,5,10,4
3186735,2,prior,12,1,9,28
3189274,79,prior,2,0,14,7
3190631,90,prior,34,4,10,2
3192011,75,prior,21,0,13,22
3192400,16,prior,5,2,14,30
3194192,2,prior,7,2,12,14
3197376,17,prior,4,1,14,5
3198849,46,prior,9,1,16,14
3200018,87,prior,7,3,8,4
3201640,50,prior,4,0,11,6
3201675,54,prior,53,5,11,1
3202175,29,prior,15,3,11,16
3202221,32,test,6,1,13,30
3204829,38,prior,9,6,16,7
3205359,50,prior,55,1,10,2
3205960,67,prior,1,3,11,NULL
3206747,14,prior,2,5,8,30
3211781,83,prior,3,5,14,30
3215897,91,prior,7,4,12,10
3215917,64,prior,8,6,17,15
3218273,90,prior,43,3,11,5
3222866,33,test,4,6,17,19
3223508,90,prior,17,5,15,2
3224056,60,prior,5,5,15,24
3224951,90,prior,3,3,15,2
3225766,3,prior,8,0,17,7
3227049,22,prior,10,3,19,5
3229714,26,prior,1,2,15,NULL
3235428,91,prior,2,6,9,3
3237467,17,prior,5,6,17,5
3239072,7,prior,12,0,14,7
3242769,95,prior,7,1,14,24
3247231,27,prior,15,1,14,5
3247417,90,prior,33,2,16,4
3249202,54,prior,37,6,12,1
3253855,91,prior,12,4,14,30
3253911,65,prior,2,0,9,7
3257456,21,prior,15,1,9,7
3264150,90,prior,65,5,11,2
3268552,2,prior,13,4,11,30
3268585,37,prior,21,2,13,13
3270096,54,prior,44,3,19,6
3272229,87,prior,6,6,7,15
3273951,86,prior,8,0,14,13
3274946,94,prior,2,5,19,13
3276030,80,prior,7,5,12,12
3276486,50,prior,30,3,12,7
3276527,27,prior,76,1,14,0
3278809,93,prior,12,6,8,14
3283823,49,prior,3,5,14,30
3285176,50,prior,40,3,9,4
3285797,36,prior,1,4,17,NULL
3288630,21,prior,8,2,13,18
3290220,86,prior,3,6,8,13
3290450,54,prior,47,0,22,5
3294399,76,train,10,4,8,14
3298423,90,prior,56,3,10,5
3300079,87,prior,4,6,8,30
3301134,63,prior,29,1,18,11
3302990,100,test,6,5,19,30
3306253,90,prior,52,3,13,5
3306717,52,prior,25,1,10,13
3308831,90,prior,66,3,9,5
3309528,35,prior,7,3,18,4
3314059,17,prior,28,1,9,4
3317805,27,prior,9,4,13,1
3317979,15,prior,5,4,15,17
3320181,24,prior,11,4,14,6
3321109,7,prior,5,5,18,3
3327122,17,prior,31,4,12,5
3327421,86,prior,7,1,17,16
3330122,90,prior,44,0,7,4
3330597,50,prior,53,3,11,2
3330998,95,prior,4,3,14,19
3331846,28,prior,3,0,16,2
3333738,30,prior,8,1,8,30
3336359,54,prior,38,6,14,7
3337837,54,prior,3,4,18,11
3341737,21,prior,33,1,12,30
3343014,4,prior,1,6,11,NULL
3345812,46,prior,1,1,16,NULL
3348165,80,prior,5,6,15,5
3349827,62,prior,4,0,13,15
3350048,26,prior,10,3,14,7
3350883,17,prior,40,4,11,27
3352995,31,prior,9,3,12,3
3354579,24,prior,10,5,17,18
3357168,83,prior,1,3,15,NULL
3359528,27,prior,47,2,14,1
3364570,53,prior,1,5,19,NULL
3367565,1,prior,6,2,7,19
3370941,54,prior,60,6,23,2
3374715,27,prior,40,4,10,3
3378475,96,prior,15,1,9,13
3383132,89,prior,16,0,14,6
3387942,93,prior,8,0,11,1
3391303,74,prior,5,1,13,30
3393222,22,prior,5,5,21,16
3394109,14,prior,13,5,5,7
3395314,91,prior,10,6,13,11
3401727,95,prior,5,1,15,30
3402036,23,train,5,1,12,30
3408319,20,prior,3,2,11,6
3413579,84,prior,5,3,16,3
